model,accuracy,macro_f1,precision,recall,exact_match,avg_positive_probability,labels,training_wall_seconds
Logistic Regression,0.66645,0.6342648606236756,0.6443818279301308,0.6908333333333334,0.66645,0.475881331671065,,34.69
Calibrated LinearSVC,0.75,0.42857142857142855,0.375,0.5,0.75,0.24998576698349007,,34.69
Hard Voting Ensemble,0.66645,0.6342648606236756,0.6443818279301308,0.6908333333333334,0.66645,,,34.69
Soft Voting Ensemble,0.7484,0.43457497612225404,0.5452261306532663,0.5012,0.7484,0.3629335493272775,,34.69
ComplementNB question type,0.8691,0.7858902781836872,,,,,"['how', 'other', 'what', 'when', 'where', 'who', 'why']",34.69
Stacking Ensemble,0.62805,0.606200506688505,0.6353880774761889,0.6803666666666667,0.62805,0.4996922772929638,,34.69
XGBoost Optional,0.63075,0.5758574438777484,0.5797157234865109,0.6011666666666666,0.63075,0.4912618100643158,,34.69
